Path,Target
datasets/Alex/Alex-Image119.png,Alex
datasets/Alex/Alex-Image131.png,Alex
datasets/Alex/Alex-Image125.png,Alex
datasets/Alex/Alex-Image247.png,Alex
datasets/Alex/Alex-Image27.png,Alex
datasets/Alex/Alex-Image33.png,Alex
datasets/Alex/Alex-Image253.png,Alex
datasets/Alex/Alex-Image32.png,Alex
datasets/Alex/Alex-Image252.png,Alex
datasets/Alex/Alex-Image246.png,Alex
datasets/Alex/Alex-Image26.png,Alex
datasets/Alex/Alex-Image124.png,Alex
datasets/Alex/Alex-Image130.png,Alex
datasets/Alex/Alex-Image118.png,Alex
datasets/Alex/Alex-Image126.png,Alex
datasets/Alex/Alex-Image132.png,Alex
datasets/Alex/Alex-Image18.png,Alex
datasets/Alex/Alex-Image250.png,Alex
datasets/Alex/Alex-Image30.png,Alex
datasets/Alex/Alex-Image24.png,Alex
datasets/Alex/Alex-Image244.png,Alex
datasets/Alex/Alex-Image25.png,Alex
datasets/Alex/Alex-Image245.png,Alex
datasets/Alex/Alex-Image251.png,Alex
datasets/Alex/Alex-Image31.png,Alex
datasets/Alex/Alex-Image19.png,Alex
datasets/Alex/Alex-Image133.png,Alex
datasets/Alex/Alex-Image127.png,Alex
datasets/Alex/Alex-Image123.png,Alex
datasets/Alex/Alex-Image137.png,Alex
datasets/Alex/Alex-Image35.png,Alex
datasets/Alex/Alex-Image255.png,Alex
datasets/Alex/Alex-Image241.png,Alex
datasets/Alex/Alex-Image21.png,Alex
datasets/Alex/Alex-Image09.png,Alex
datasets/Alex/Alex-Image08.png,Alex
datasets/Alex/Alex-Image240.png,Alex
datasets/Alex/Alex-Image20.png,Alex
datasets/Alex/Alex-Image34.png,Alex
datasets/Alex/Alex-Image254.png,Alex
datasets/Alex/Alex-Image136.png,Alex
datasets/Alex/Alex-Image122.png,Alex
datasets/Alex/Alex-Image134.png,Alex
datasets/Alex/Alex-Image120.png,Alex
datasets/Alex/Alex-Image108.png,Alex
datasets/Alex/Alex-Image22.png,Alex
datasets/Alex/Alex-Image242.png,Alex
datasets/Alex/Alex-Image256.png,Alex
datasets/Alex/Alex-Image36.png,Alex
datasets/Alex/Alex-Image37.png,Alex
datasets/Alex/Alex-Image23.png,Alex
datasets/Alex/Alex-Image243.png,Alex
datasets/Alex/Alex-Image109.png,Alex
datasets/Alex/Alex-Image121.png,Alex
datasets/Alex/Alex-Image135.png,Alex
datasets/Alex/Alex-Image191.png,Alex
datasets/Alex/Alex-Image185.png,Alex
datasets/Alex/Alex-Image152.png,Alex
datasets/Alex/Alex-Image146.png,Alex
datasets/Alex/Alex-Image87.png,Alex
datasets/Alex/Alex-Image93.png,Alex
datasets/Alex/Alex-Image78.png,Alex
datasets/Alex/Alex-Image218.png,Alex
datasets/Alex/Alex-Image44.png,Alex
datasets/Alex/Alex-Image224.png,Alex
datasets/Alex/Alex-Image230.png,Alex
datasets/Alex/Alex-Image50.png,Alex
datasets/Alex/Alex-Image231.png,Alex
datasets/Alex/Alex-Image51.png,Alex
datasets/Alex/Alex-Image45.png,Alex
datasets/Alex/Alex-Image225.png,Alex
datasets/Alex/Alex-Image79.png,Alex
datasets/Alex/Alex-Image219.png,Alex
datasets/Alex/Alex-Image92.png,Alex
datasets/Alex/Alex-Image86.png,Alex
datasets/Alex/Alex-Image147.png,Alex
datasets/Alex/Alex-Image153.png,Alex
datasets/Alex/Alex-Image184.png,Alex
datasets/Alex/Alex-Image190.png,Alex
datasets/Alex/Alex-Image186.png,Alex
datasets/Alex/Alex-Image192.png,Alex
datasets/Alex/Alex-Image179.png,Alex
datasets/Alex/Alex-Image145.png,Alex
datasets/Alex/Alex-Image151.png,Alex
datasets/Alex/Alex-Image90.png,Alex
datasets/Alex/Alex-Image84.png,Alex
datasets/Alex/Alex-Image53.png,Alex
datasets/Alex/Alex-Image233.png,Alex
datasets/Alex/Alex-Image227.png,Alex
datasets/Alex/Alex-Image47.png,Alex
datasets/Alex/Alex-Image226.png,Alex
datasets/Alex/Alex-Image46.png,Alex
datasets/Alex/Alex-Image52.png,Alex
datasets/Alex/Alex-Image232.png,Alex
datasets/Alex/Alex-Image85.png,Alex
datasets/Alex/Alex-Image91.png,Alex
datasets/Alex/Alex-Image150.png,Alex
datasets/Alex/Alex-Image144.png,Alex
datasets/Alex/Alex-Image178.png,Alex
datasets/Alex/Alex-Image193.png,Alex
datasets/Alex/Alex-Image187.png,Alex
datasets/Alex/Alex-Image183.png,Alex
datasets/Alex/Alex-Image197.png,Alex
datasets/Alex/Alex-Image140.png,Alex
datasets/Alex/Alex-Image154.png,Alex
datasets/Alex/Alex-Image168.png,Alex
datasets/Alex/Alex-Image95.png,Alex
datasets/Alex/Alex-Image81.png,Alex
datasets/Alex/Alex-Image236.png,Alex
datasets/Alex/Alex-Image56.png,Alex
datasets/Alex/Alex-Image42.png,Alex
datasets/Alex/Alex-Image222.png,Alex
datasets/Alex/Alex-Image43.png,Alex
datasets/Alex/Alex-Image223.png,Alex
datasets/Alex/Alex-Image237.png,Alex
datasets/Alex/Alex-Image57.png,Alex
datasets/Alex/Alex-Image80.png,Alex
datasets/Alex/Alex-Image94.png,Alex
datasets/Alex/Alex-Image169.png,Alex
datasets/Alex/Alex-Image155.png,Alex
datasets/Alex/Alex-Image141.png,Alex
datasets/Alex/Alex-Image196.png,Alex
datasets/Alex/Alex-Image182.png,Alex
datasets/Alex/Alex-Image194.png,Alex
datasets/Alex/Alex-Image180.png,Alex
datasets/Alex/Alex-Image157.png,Alex
datasets/Alex/Alex-Image143.png,Alex
datasets/Alex/Alex-Image82.png,Alex
datasets/Alex/Alex-Image96.png,Alex
datasets/Alex/Alex-Image221.png,Alex
datasets/Alex/Alex-Image41.png,Alex
datasets/Alex/Alex-Image55.png,Alex
datasets/Alex/Alex-Image235.png,Alex
datasets/Alex/Alex-Image69.png,Alex
datasets/Alex/Alex-Image209.png,Alex
datasets/Alex/Alex-Image68.png,Alex
datasets/Alex/Alex-Image208.png,Alex
datasets/Alex/Alex-Image54.png,Alex
datasets/Alex/Alex-Image234.png,Alex
datasets/Alex/Alex-Image220.png,Alex
datasets/Alex/Alex-Image40.png,Alex
datasets/Alex/Alex-Image97.png,Alex
datasets/Alex/Alex-Image83.png,Alex
datasets/Alex/Alex-Image142.png,Alex
datasets/Alex/Alex-Image156.png,Alex
datasets/Alex/Alex-Image181.png,Alex
datasets/Alex/Alex-Image195.png,Alex
datasets/Alex/Alex-Image198.png,Alex
datasets/Alex/Alex-Image173.png,Alex
datasets/Alex/Alex-Image167.png,Alex
datasets/Alex/Alex-Image59.png,Alex
datasets/Alex/Alex-Image239.png,Alex
datasets/Alex/Alex-Image65.png,Alex
datasets/Alex/Alex-Image205.png,Alex
datasets/Alex/Alex-Image211.png,Alex
datasets/Alex/Alex-Image71.png,Alex
datasets/Alex/Alex-Image210.png,Alex
datasets/Alex/Alex-Image70.png,Alex
datasets/Alex/Alex-Image64.png,Alex
datasets/Alex/Alex-Image204.png,Alex
datasets/Alex/Alex-Image58.png,Alex
datasets/Alex/Alex-Image238.png,Alex
datasets/Alex/Alex-Image166.png,Alex
datasets/Alex/Alex-Image172.png,Alex
datasets/Alex/Alex-Image199.png,Alex
datasets/Alex/Alex-Image158.png,Alex
datasets/Alex/Alex-Image164.png,Alex
datasets/Alex/Alex-Image170.png,Alex
datasets/Alex/Alex-Image99.png,Alex
datasets/Alex/Alex-Image72.png,Alex
datasets/Alex/Alex-Image212.png,Alex
datasets/Alex/Alex-Image206.png,Alex
datasets/Alex/Alex-Image66.png,Alex
datasets/Alex/Alex-Image207.png,Alex
datasets/Alex/Alex-Image67.png,Alex
datasets/Alex/Alex-Image73.png,Alex
datasets/Alex/Alex-Image213.png,Alex
datasets/Alex/Alex-Image98.png,Alex
datasets/Alex/Alex-Image171.png,Alex
datasets/Alex/Alex-Image165.png,Alex
datasets/Alex/Alex-Image159.png,Alex
datasets/Alex/Alex-Image161.png,Alex
datasets/Alex/Alex-Image175.png,Alex
datasets/Alex/Alex-Image149.png,Alex
datasets/Alex/Alex-Image88.png,Alex
datasets/Alex/Alex-Image217.png,Alex
datasets/Alex/Alex-Image77.png,Alex
datasets/Alex/Alex-Image63.png,Alex
datasets/Alex/Alex-Image203.png,Alex
datasets/Alex/Alex-Image62.png,Alex
datasets/Alex/Alex-Image202.png,Alex
datasets/Alex/Alex-Image216.png,Alex
datasets/Alex/Alex-Image76.png,Alex
datasets/Alex/Alex-Image89.png,Alex
datasets/Alex/Alex-Image148.png,Alex
datasets/Alex/Alex-Image174.png,Alex
datasets/Alex/Alex-Image160.png,Alex
datasets/Alex/Alex-Image189.png,Alex
datasets/Alex/Alex-Image176.png,Alex
datasets/Alex/Alex-Image162.png,Alex
datasets/Alex/Alex-Image200.png,Alex
datasets/Alex/Alex-Image60.png,Alex
datasets/Alex/Alex-Image74.png,Alex
datasets/Alex/Alex-Image214.png,Alex
datasets/Alex/Alex-Image48.png,Alex
datasets/Alex/Alex-Image228.png,Alex
datasets/Alex/Alex-Image49.png,Alex
datasets/Alex/Alex-Image229.png,Alex
datasets/Alex/Alex-Image75.png,Alex
datasets/Alex/Alex-Image215.png,Alex
datasets/Alex/Alex-Image201.png,Alex
datasets/Alex/Alex-Image61.png,Alex
datasets/Alex/Alex-Image163.png,Alex
datasets/Alex/Alex-Image177.png,Alex
datasets/Alex/Alex-Image188.png,Alex
datasets/Alex/Alex-Image138.png,Alex
datasets/Alex/Alex-Image110.png,Alex
datasets/Alex/Alex-Image104.png,Alex
datasets/Alex/Alex-Image06.png,Alex
datasets/Alex/Alex-Image12.png,Alex
datasets/Alex/Alex-Image13.png,Alex
datasets/Alex/Alex-Image07.png,Alex
datasets/Alex/Alex-Image105.png,Alex
datasets/Alex/Alex-Image111.png,Alex
datasets/Alex/Alex-Image139.png,Alex
datasets/Alex/Alex-Image107.png,Alex
datasets/Alex/Alex-Image113.png,Alex
datasets/Alex/Alex-Image39.png,Alex
datasets/Alex/Alex-Image11.png,Alex
datasets/Alex/Alex-Image05.png,Alex
datasets/Alex/Alex-Image04.png,Alex
datasets/Alex/Alex-Image10.png,Alex
datasets/Alex/Alex-Image38.png,Alex
datasets/Alex/Alex-Image112.png,Alex
datasets/Alex/Alex-Image106.png,Alex
datasets/Alex/Alex-Image102.png,Alex
datasets/Alex/Alex-Image116.png,Alex
datasets/Alex/Alex-Image14.png,Alex
datasets/Alex/Alex-Image28.png,Alex
datasets/Alex/Alex-Image248.png,Alex
datasets/Alex/Alex-Image29.png,Alex
datasets/Alex/Alex-Image249.png,Alex
datasets/Alex/Alex-Image01.png,Alex
datasets/Alex/Alex-Image15.png,Alex
datasets/Alex/Alex-Image117.png,Alex
datasets/Alex/Alex-Image103.png,Alex
datasets/Alex/Alex-Image115.png,Alex
datasets/Alex/Alex-Image101.png,Alex
datasets/Alex/Alex-Image129.png,Alex
datasets/Alex/Alex-Image03.png,Alex
datasets/Alex/Alex-Image17.png,Alex
datasets/Alex/Alex-Image16.png,Alex
datasets/Alex/Alex-Image02.png,Alex
datasets/Alex/Alex-Image128.png,Alex
datasets/Alex/Alex-Image100.png,Alex
datasets/Alex/Alex-Image114.png,Alex
datasets/Kelly/Kelly-Image124.png,Kelly
datasets/Kelly/Kelly-Image130.png,Kelly
datasets/Kelly/Kelly-Image118.png,Kelly
datasets/Kelly/Kelly-Image75.png,Kelly
datasets/Kelly/Kelly-Image61.png,Kelly
datasets/Kelly/Kelly-Image49.png,Kelly
datasets/Kelly/Kelly-Image48.png,Kelly
datasets/Kelly/Kelly-Image60.png,Kelly
datasets/Kelly/Kelly-Image74.png,Kelly
datasets/Kelly/Kelly-Image119.png,Kelly
datasets/Kelly/Kelly-Image131.png,Kelly
datasets/Kelly/Kelly-Image125.png,Kelly
datasets/Kelly/Kelly-Image133.png,Kelly
datasets/Kelly/Kelly-Image127.png,Kelly
datasets/Kelly/Kelly-Image89.png,Kelly
datasets/Kelly/Kelly-Image62.png,Kelly
datasets/Kelly/Kelly-Image76.png,Kelly
datasets/Kelly/Kelly-Image77.png,Kelly
datasets/Kelly/Kelly-Image63.png,Kelly
datasets/Kelly/Kelly-Image88.png,Kelly
datasets/Kelly/Kelly-Image126.png,Kelly
datasets/Kelly/Kelly-Image132.png,Kelly
datasets/Kelly/Kelly-Image136.png,Kelly
datasets/Kelly/Kelly-Image122.png,Kelly
datasets/Kelly/Kelly-Image98.png,Kelly
datasets/Kelly/Kelly-Image67.png,Kelly
datasets/Kelly/Kelly-Image73.png,Kelly
datasets/Kelly/Kelly-Image72.png,Kelly
datasets/Kelly/Kelly-Image66.png,Kelly
datasets/Kelly/Kelly-Image99.png,Kelly
datasets/Kelly/Kelly-Image123.png,Kelly
datasets/Kelly/Kelly-Image137.png,Kelly
datasets/Kelly/Kelly-Image109.png,Kelly
datasets/Kelly/Kelly-Image121.png,Kelly
datasets/Kelly/Kelly-Image135.png,Kelly
datasets/Kelly/Kelly-Image58.png,Kelly
datasets/Kelly/Kelly-Image70.png,Kelly
datasets/Kelly/Kelly-Image64.png,Kelly
datasets/Kelly/Kelly-Image65.png,Kelly
datasets/Kelly/Kelly-Image71.png,Kelly
datasets/Kelly/Kelly-Image59.png,Kelly
datasets/Kelly/Kelly-Image134.png,Kelly
datasets/Kelly/Kelly-Image120.png,Kelly
datasets/Kelly/Kelly-Image108.png,Kelly
datasets/Kelly/Kelly-Image184.png,Kelly
datasets/Kelly/Kelly-Image190.png,Kelly
datasets/Kelly/Kelly-Image147.png,Kelly
datasets/Kelly/Kelly-Image153.png,Kelly
datasets/Kelly/Kelly-Image16.png,Kelly
datasets/Kelly/Kelly-Image225.png,Kelly
datasets/Kelly/Kelly-Image02.png,Kelly
datasets/Kelly/Kelly-Image219.png,Kelly
datasets/Kelly/Kelly-Image218.png,Kelly
datasets/Kelly/Kelly-Image03.png,Kelly
datasets/Kelly/Kelly-Image224.png,Kelly
datasets/Kelly/Kelly-Image17.png,Kelly
datasets/Kelly/Kelly-Image152.png,Kelly
datasets/Kelly/Kelly-Image146.png,Kelly
datasets/Kelly/Kelly-Image191.png,Kelly
datasets/Kelly/Kelly-Image185.png,Kelly
datasets/Kelly/Kelly-Image193.png,Kelly
datasets/Kelly/Kelly-Image187.png,Kelly
datasets/Kelly/Kelly-Image150.png,Kelly
datasets/Kelly/Kelly-Image144.png,Kelly
datasets/Kelly/Kelly-Image178.png,Kelly
datasets/Kelly/Kelly-Image226.png,Kelly
datasets/Kelly/Kelly-Image01.png,Kelly
datasets/Kelly/Kelly-Image15.png,Kelly
datasets/Kelly/Kelly-Image29.png,Kelly
datasets/Kelly/Kelly-Image28.png,Kelly
datasets/Kelly/Kelly-Image14.png,Kelly
datasets/Kelly/Kelly-Image227.png,Kelly
datasets/Kelly/Kelly-Image179.png,Kelly
datasets/Kelly/Kelly-Image145.png,Kelly
datasets/Kelly/Kelly-Image151.png,Kelly
datasets/Kelly/Kelly-Image186.png,Kelly
datasets/Kelly/Kelly-Image192.png,Kelly
datasets/Kelly/Kelly-Image196.png,Kelly
datasets/Kelly/Kelly-Image182.png,Kelly
datasets/Kelly/Kelly-Image169.png,Kelly
datasets/Kelly/Kelly-Image155.png,Kelly
datasets/Kelly/Kelly-Image141.png,Kelly
datasets/Kelly/Kelly-Image38.png,Kelly
datasets/Kelly/Kelly-Image223.png,Kelly
datasets/Kelly/Kelly-Image04.png,Kelly
datasets/Kelly/Kelly-Image10.png,Kelly
datasets/Kelly/Kelly-Image11.png,Kelly
datasets/Kelly/Kelly-Image05.png,Kelly
datasets/Kelly/Kelly-Image222.png,Kelly
datasets/Kelly/Kelly-Image39.png,Kelly
datasets/Kelly/Kelly-Image140.png,Kelly
datasets/Kelly/Kelly-Image154.png,Kelly
datasets/Kelly/Kelly-Image168.png,Kelly
datasets/Kelly/Kelly-Image183.png,Kelly
datasets/Kelly/Kelly-Image197.png,Kelly
datasets/Kelly/Kelly-Image181.png,Kelly
datasets/Kelly/Kelly-Image195.png,Kelly
datasets/Kelly/Kelly-Image142.png,Kelly
datasets/Kelly/Kelly-Image156.png,Kelly
datasets/Kelly/Kelly-Image208.png,Kelly
datasets/Kelly/Kelly-Image13.png,Kelly
datasets/Kelly/Kelly-Image220.png,Kelly
datasets/Kelly/Kelly-Image07.png,Kelly
datasets/Kelly/Kelly-Image06.png,Kelly
datasets/Kelly/Kelly-Image221.png,Kelly
datasets/Kelly/Kelly-Image12.png,Kelly
datasets/Kelly/Kelly-Image209.png,Kelly
datasets/Kelly/Kelly-Image157.png,Kelly
datasets/Kelly/Kelly-Image143.png,Kelly
datasets/Kelly/Kelly-Image194.png,Kelly
datasets/Kelly/Kelly-Image180.png,Kelly
datasets/Kelly/Kelly-Image199.png,Kelly
datasets/Kelly/Kelly-Image166.png,Kelly
datasets/Kelly/Kelly-Image172.png,Kelly
datasets/Kelly/Kelly-Image210.png,Kelly
datasets/Kelly/Kelly-Image37.png,Kelly
datasets/Kelly/Kelly-Image23.png,Kelly
datasets/Kelly/Kelly-Image204.png,Kelly
datasets/Kelly/Kelly-Image205.png,Kelly
datasets/Kelly/Kelly-Image22.png,Kelly
datasets/Kelly/Kelly-Image36.png,Kelly
datasets/Kelly/Kelly-Image211.png,Kelly
datasets/Kelly/Kelly-Image173.png,Kelly
datasets/Kelly/Kelly-Image167.png,Kelly
datasets/Kelly/Kelly-Image198.png,Kelly
datasets/Kelly/Kelly-Image171.png,Kelly
datasets/Kelly/Kelly-Image165.png,Kelly
datasets/Kelly/Kelly-Image159.png,Kelly
datasets/Kelly/Kelly-Image20.png,Kelly
datasets/Kelly/Kelly-Image207.png,Kelly
datasets/Kelly/Kelly-Image213.png,Kelly
datasets/Kelly/Kelly-Image34.png,Kelly
datasets/Kelly/Kelly-Image08.png,Kelly
datasets/Kelly/Kelly-Image09.png,Kelly
datasets/Kelly/Kelly-Image35.png,Kelly
datasets/Kelly/Kelly-Image212.png,Kelly
datasets/Kelly/Kelly-Image206.png,Kelly
datasets/Kelly/Kelly-Image21.png,Kelly
datasets/Kelly/Kelly-Image158.png,Kelly
datasets/Kelly/Kelly-Image164.png,Kelly
datasets/Kelly/Kelly-Image170.png,Kelly
datasets/Kelly/Kelly-Image148.png,Kelly
datasets/Kelly/Kelly-Image174.png,Kelly
datasets/Kelly/Kelly-Image160.png,Kelly
datasets/Kelly/Kelly-Image19.png,Kelly
datasets/Kelly/Kelly-Image25.png,Kelly
datasets/Kelly/Kelly-Image202.png,Kelly
datasets/Kelly/Kelly-Image216.png,Kelly
datasets/Kelly/Kelly-Image31.png,Kelly
datasets/Kelly/Kelly-Image30.png,Kelly
datasets/Kelly/Kelly-Image217.png,Kelly
datasets/Kelly/Kelly-Image203.png,Kelly
datasets/Kelly/Kelly-Image24.png,Kelly
datasets/Kelly/Kelly-Image18.png,Kelly
datasets/Kelly/Kelly-Image161.png,Kelly
datasets/Kelly/Kelly-Image175.png,Kelly
datasets/Kelly/Kelly-Image149.png,Kelly
datasets/Kelly/Kelly-Image188.png,Kelly
datasets/Kelly/Kelly-Image163.png,Kelly
datasets/Kelly/Kelly-Image177.png,Kelly
datasets/Kelly/Kelly-Image229.png,Kelly
datasets/Kelly/Kelly-Image215.png,Kelly
datasets/Kelly/Kelly-Image32.png,Kelly
datasets/Kelly/Kelly-Image26.png,Kelly
datasets/Kelly/Kelly-Image201.png,Kelly
datasets/Kelly/Kelly-Image200.png,Kelly
datasets/Kelly/Kelly-Image27.png,Kelly
datasets/Kelly/Kelly-Image33.png,Kelly
datasets/Kelly/Kelly-Image214.png,Kelly
datasets/Kelly/Kelly-Image228.png,Kelly
datasets/Kelly/Kelly-Image176.png,Kelly
datasets/Kelly/Kelly-Image162.png,Kelly
datasets/Kelly/Kelly-Image189.png,Kelly
datasets/Kelly/Kelly-Image105.png,Kelly
datasets/Kelly/Kelly-Image111.png,Kelly
datasets/Kelly/Kelly-Image139.png,Kelly
datasets/Kelly/Kelly-Image97.png,Kelly
datasets/Kelly/Kelly-Image83.png,Kelly
datasets/Kelly/Kelly-Image54.png,Kelly
datasets/Kelly/Kelly-Image40.png,Kelly
datasets/Kelly/Kelly-Image68.png,Kelly
datasets/Kelly/Kelly-Image69.png,Kelly
datasets/Kelly/Kelly-Image41.png,Kelly
datasets/Kelly/Kelly-Image55.png,Kelly
datasets/Kelly/Kelly-Image82.png,Kelly
datasets/Kelly/Kelly-Image96.png,Kelly
datasets/Kelly/Kelly-Image138.png,Kelly
datasets/Kelly/Kelly-Image110.png,Kelly
datasets/Kelly/Kelly-Image104.png,Kelly
datasets/Kelly/Kelly-Image112.png,Kelly
datasets/Kelly/Kelly-Image106.png,Kelly
datasets/Kelly/Kelly-Image80.png,Kelly
datasets/Kelly/Kelly-Image94.png,Kelly
datasets/Kelly/Kelly-Image43.png,Kelly
datasets/Kelly/Kelly-Image57.png,Kelly
datasets/Kelly/Kelly-Image56.png,Kelly
datasets/Kelly/Kelly-Image42.png,Kelly
datasets/Kelly/Kelly-Image95.png,Kelly
datasets/Kelly/Kelly-Image81.png,Kelly
datasets/Kelly/Kelly-Image107.png,Kelly
datasets/Kelly/Kelly-Image113.png,Kelly
datasets/Kelly/Kelly-Image117.png,Kelly
datasets/Kelly/Kelly-Image103.png,Kelly
datasets/Kelly/Kelly-Image85.png,Kelly
datasets/Kelly/Kelly-Image91.png,Kelly
datasets/Kelly/Kelly-Image46.png,Kelly
datasets/Kelly/Kelly-Image52.png,Kelly
datasets/Kelly/Kelly-Image53.png,Kelly
datasets/Kelly/Kelly-Image47.png,Kelly
datasets/Kelly/Kelly-Image90.png,Kelly
datasets/Kelly/Kelly-Image84.png,Kelly
datasets/Kelly/Kelly-Image102.png,Kelly
datasets/Kelly/Kelly-Image116.png,Kelly
datasets/Kelly/Kelly-Image128.png,Kelly
datasets/Kelly/Kelly-Image100.png,Kelly
datasets/Kelly/Kelly-Image114.png,Kelly
datasets/Kelly/Kelly-Image92.png,Kelly
datasets/Kelly/Kelly-Image86.png,Kelly
datasets/Kelly/Kelly-Image79.png,Kelly
datasets/Kelly/Kelly-Image51.png,Kelly
datasets/Kelly/Kelly-Image45.png,Kelly
datasets/Kelly/Kelly-Image44.png,Kelly
datasets/Kelly/Kelly-Image50.png,Kelly
datasets/Kelly/Kelly-Image78.png,Kelly
datasets/Kelly/Kelly-Image87.png,Kelly
datasets/Kelly/Kelly-Image93.png,Kelly
datasets/Kelly/Kelly-Image115.png,Kelly
datasets/Kelly/Kelly-Image101.png,Kelly
datasets/Kelly/Kelly-Image129.png,Kelly
